{
  "easycom": {
    "^u-(.*)": "@/uview-ui/components/u-$1/u-$1.vue",
    "^c-(.*)": "@/components/c-$1/c-$1.vue"
  },
  "pages": [
    {
      "path": "pages/task/index"
    },
    {
      "path": "pages/map/index"
    },
    {
      "path": "pages/directory/index"
    },
    {
      "path": "pages/my/index"
    },
    {
      "path": "pages/task/task-info"
    },
    {
      "path": "pages/form/common-form"
    },
    {
      "path": "pages/form/collect-vr"
    },
    {
      "path": "pages/my/about"
    },
    {
      "path": "pages/my/feedback"
    },
    {
      "path": "pages/my/my-feedback",
      "style": {
        "enablePullDownRefresh": true
      }
    },
    {
      "path": "pages/my/set"
    },
    {
      "path": "pages/my/modify-font"
    },
    {
      "path": "pages/my/collection"
    },
    {
      "path": "pages/my/news"
    },
    {
      "path": "pages/my/theme"
    },
    {
      "path": "pages/my/info-modify"
    },
    {
      "path": "uview-ui/components/u-avatar-cropper/u-avatar-cropper",
      "style": {
        "navigationBarTitleText": "头像裁剪",
        "navigationBarBackgroundColor": "#000000"
      }
    }
  ],
  "globalStyle": {
    "navigationStyle":"custom",
    "navigationStyle": "custom",
    "navigationBarBackgroundColor": "#F8F8F8",
    "backgroundColor": "#F8F8F8"
  },
  "tabBar": {
    "color": "#909399",
    "selectedColor": "#1296db",
    "backgroundColor": "#FFFFFF",
    "borderStyle": "black",
    "list": [
      {
        "pagePath": "pages/task/index",
        "iconPath": "static/images/tabbar/task.png",
        "selectedIconPath": "static/images/tabbar/task-a.png",
        "text": "任务"
      },
      {
        "pagePath": "pages/map/index",
        "iconPath": "static/images/tabbar/map.png",
        "selectedIconPath": "static/images/tabbar/map-a.png",
        "text": "地图"
      },
      {
        "pagePath": "pages/directory/index",
        "iconPath": "static/images/tabbar/directory.png",
        "selectedIconPath": "static/images/tabbar/directory-a.png",
        "text": "目录"
      },
      {
        "pagePath": "pages/my/index",
        "iconPath": "static/images/tabbar/my.png",
        "selectedIconPath": "static/images/tabbar/my-a.png",
        "text": "我的"
      }
    ]
  }
}
